--
-- PostgreSQL database dump
--

-- Dumped from database version 14.0
-- Dumped by pg_dump version 14.0

SET statement_timeout = 0;
SET lock_timeout = 0;
SET idle_in_transaction_session_timeout = 0;
SET client_encoding = 'UTF8';
SET standard_conforming_strings = on;
SELECT pg_catalog.set_config('search_path', '', false);
SET check_function_bodies = false;
SET xmloption = content;
SET client_min_messages = warning;
SET row_security = off;

SET default_tablespace = '';

SET default_table_access_method = heap;

--
-- Name: category; Type: TABLE; Schema: public; Owner: achat
--

CREATE TABLE public.category (
    id integer NOT NULL,
    name character varying(255) NOT NULL
);


ALTER TABLE public.category OWNER TO achat;

--
-- Name: category_id_seq; Type: SEQUENCE; Schema: public; Owner: achat
--

ALTER TABLE public.category ALTER COLUMN id ADD GENERATED BY DEFAULT AS IDENTITY (
    SEQUENCE NAME public.category_id_seq
    START WITH 6
    INCREMENT BY 1
    NO MINVALUE
    NO MAXVALUE
    CACHE 1
);


--
-- Name: company; Type: TABLE; Schema: public; Owner: achat
--

CREATE TABLE public.company (
    id integer NOT NULL,
    name character varying(100) NOT NULL,
    address character varying(100),
    email character varying(100) NOT NULL,
    phone character varying(15),
    password character varying(50) NOT NULL
);


ALTER TABLE public.company OWNER TO achat;

--
-- Name: company_id_seq; Type: SEQUENCE; Schema: public; Owner: achat
--

ALTER TABLE public.company ALTER COLUMN id ADD GENERATED BY DEFAULT AS IDENTITY (
    SEQUENCE NAME public.company_id_seq
    START WITH 5
    INCREMENT BY 1
    NO MINVALUE
    NO MAXVALUE
    CACHE 1
);


--
-- Name: department; Type: TABLE; Schema: public; Owner: achat
--

CREATE TABLE public.department (
    id integer NOT NULL,
    name character varying(50) NOT NULL,
    companyid integer NOT NULL,
    password character varying(100) DEFAULT 1 NOT NULL,
    email character varying(100)
);


ALTER TABLE public.department OWNER TO achat;

--
-- Name: department_id_seq; Type: SEQUENCE; Schema: public; Owner: achat
--

ALTER TABLE public.department ALTER COLUMN id ADD GENERATED BY DEFAULT AS IDENTITY (
    SEQUENCE NAME public.department_id_seq
    START WITH 14
    INCREMENT BY 1
    NO MINVALUE
    NO MAXVALUE
    CACHE 1
);


--
-- Name: dispatch; Type: TABLE; Schema: public; Owner: achat
--

CREATE TABLE public.dispatch (
    id integer NOT NULL,
    receipt_detailsid integer NOT NULL,
    departement_id integer NOT NULL,
    request_detailsid integer NOT NULL,
    date_dispatch date DEFAULT CURRENT_DATE NOT NULL,
    quantity integer DEFAULT 0 NOT NULL
);


ALTER TABLE public.dispatch OWNER TO achat;

--
-- Name: dispatch_id_seq; Type: SEQUENCE; Schema: public; Owner: achat
--

CREATE SEQUENCE public.dispatch_id_seq
    AS integer
    START WITH 1
    INCREMENT BY 1
    NO MINVALUE
    NO MAXVALUE
    CACHE 1;


ALTER TABLE public.dispatch_id_seq OWNER TO achat;

--
-- Name: dispatch_id_seq; Type: SEQUENCE OWNED BY; Schema: public; Owner: achat
--

ALTER SEQUENCE public.dispatch_id_seq OWNED BY public.dispatch.id;


--
-- Name: formula_valuestock; Type: TABLE; Schema: public; Owner: achat
--

CREATE TABLE public.formula_valuestock (
    id integer NOT NULL,
    name character varying(100) NOT NULL
);


ALTER TABLE public.formula_valuestock OWNER TO achat;

--
-- Name: hibernate_sequence; Type: SEQUENCE; Schema: public; Owner: achat
--

CREATE SEQUENCE public.hibernate_sequence
    START WITH 1
    INCREMENT BY 1
    NO MINVALUE
    NO MAXVALUE
    CACHE 1;


ALTER TABLE public.hibernate_sequence OWNER TO achat;

--
-- Name: order_details; Type: TABLE; Schema: public; Owner: achat
--

CREATE TABLE public.order_details (
    id integer NOT NULL,
    qtt integer NOT NULL,
    purchase_orderid integer NOT NULL,
    proforma_detailsid integer NOT NULL,
    productid integer NOT NULL,
    pu real NOT NULL,
    qualityid integer NOT NULL
);


ALTER TABLE public.order_details OWNER TO achat;

--
-- Name: order_details_id_seq; Type: SEQUENCE; Schema: public; Owner: achat
--

ALTER TABLE public.order_details ALTER COLUMN id ADD GENERATED BY DEFAULT AS IDENTITY (
    SEQUENCE NAME public.order_details_id_seq
    START WITH 1
    INCREMENT BY 1
    NO MINVALUE
    NO MAXVALUE
    CACHE 1
);


--
-- Name: product; Type: TABLE; Schema: public; Owner: achat
--

CREATE TABLE public.product (
    id integer NOT NULL,
    value character varying(30) NOT NULL,
    categoryid integer,
    unityid integer,
    reference character varying(50)
);


ALTER TABLE public.product OWNER TO achat;

--
-- Name: product_id_seq; Type: SEQUENCE; Schema: public; Owner: achat
--

ALTER TABLE public.product ALTER COLUMN id ADD GENERATED BY DEFAULT AS IDENTITY (
    SEQUENCE NAME public.product_id_seq
    START WITH 11
    INCREMENT BY 1
    NO MINVALUE
    NO MAXVALUE
    CACHE 1
);


--
-- Name: proforma; Type: TABLE; Schema: public; Owner: achat
--

CREATE TABLE public.proforma (
    id integer NOT NULL,
    request_groupid integer NOT NULL,
    vendorid integer NOT NULL,
    deadline date,
    status integer DEFAULT 1 NOT NULL,
    designation character varying(100),
    companyid integer NOT NULL
);


ALTER TABLE public.proforma OWNER TO achat;

--
-- Name: proforma_details_id_seq; Type: SEQUENCE; Schema: public; Owner: achat
--

CREATE SEQUENCE public.proforma_details_id_seq
    START WITH 1
    INCREMENT BY 1
    NO MINVALUE
    NO MAXVALUE
    CACHE 1;


ALTER TABLE public.proforma_details_id_seq OWNER TO achat;

--
-- Name: proforma_id_seq; Type: SEQUENCE; Schema: public; Owner: achat
--

ALTER TABLE public.proforma ALTER COLUMN id ADD GENERATED BY DEFAULT AS IDENTITY (
    SEQUENCE NAME public.proforma_id_seq
    START WITH 1
    INCREMENT BY 1
    NO MINVALUE
    NO MAXVALUE
    CACHE 1
);


--
-- Name: proforma_response; Type: TABLE; Schema: public; Owner: achat
--

CREATE TABLE public.proforma_response (
    id integer NOT NULL,
    proformaid integer NOT NULL,
    down_payment double precision DEFAULT 0,
    date_response date DEFAULT CURRENT_DATE
);


ALTER TABLE public.proforma_response OWNER TO achat;

--
-- Name: proforma_response_details; Type: TABLE; Schema: public; Owner: achat
--

CREATE TABLE public.proforma_response_details (
    id integer NOT NULL,
    qtt integer NOT NULL,
    pu real NOT NULL,
    productid integer NOT NULL,
    proforma_responseid integer NOT NULL,
    proforma_request_id integer,
    qualityid integer NOT NULL,
    proformaid integer,
    quality character varying(255)
);


ALTER TABLE public.proforma_response_details OWNER TO achat;

--
-- Name: proforma_response_details_id_seq; Type: SEQUENCE; Schema: public; Owner: achat
--

ALTER TABLE public.proforma_response_details ALTER COLUMN id ADD GENERATED BY DEFAULT AS IDENTITY (
    SEQUENCE NAME public.proforma_response_details_id_seq
    START WITH 1
    INCREMENT BY 1
    NO MINVALUE
    NO MAXVALUE
    CACHE 1
);


--
-- Name: proforma_response_id_seq; Type: SEQUENCE; Schema: public; Owner: achat
--

ALTER TABLE public.proforma_response ALTER COLUMN id ADD GENERATED BY DEFAULT AS IDENTITY (
    SEQUENCE NAME public.proforma_response_id_seq
    START WITH 1
    INCREMENT BY 1
    NO MINVALUE
    NO MAXVALUE
    CACHE 1
);


--
-- Name: proformat_request_details; Type: TABLE; Schema: public; Owner: achat
--

CREATE TABLE public.proformat_request_details (
    id integer NOT NULL,
    proforma_id integer,
    request_group_details_id integer,
    qualityid integer NOT NULL,
    quantity integer NOT NULL
);


ALTER TABLE public.proformat_request_details OWNER TO achat;

--
-- Name: proformat_request_details_id_seq; Type: SEQUENCE; Schema: public; Owner: achat
--

ALTER TABLE public.proformat_request_details ALTER COLUMN id ADD GENERATED BY DEFAULT AS IDENTITY (
    SEQUENCE NAME public.proformat_request_details_id_seq
    START WITH 1
    INCREMENT BY 1
    NO MINVALUE
    NO MAXVALUE
    CACHE 1
);


--
-- Name: purchase_order; Type: TABLE; Schema: public; Owner: achat
--

CREATE TABLE public.purchase_order (
    id integer NOT NULL,
    dateins date DEFAULT CURRENT_DATE NOT NULL,
    proformaid integer NOT NULL,
    companyid integer NOT NULL,
    vendorid integer NOT NULL,
    status integer DEFAULT 1 NOT NULL,
    echeance date DEFAULT CURRENT_DATE NOT NULL,
    designation character varying(255)
);


ALTER TABLE public.purchase_order OWNER TO achat;

--
-- Name: purchase_order_id_seq; Type: SEQUENCE; Schema: public; Owner: achat
--

ALTER TABLE public.purchase_order ALTER COLUMN id ADD GENERATED BY DEFAULT AS IDENTITY (
    SEQUENCE NAME public.purchase_order_id_seq
    START WITH 1
    INCREMENT BY 1
    NO MINVALUE
    NO MAXVALUE
    CACHE 1
);


--
-- Name: purchase_request; Type: TABLE; Schema: public; Owner: achat
--

CREATE TABLE public.purchase_request (
    id integer NOT NULL,
    dateins date NOT NULL,
    departmentid integer NOT NULL
);


ALTER TABLE public.purchase_request OWNER TO achat;

--
-- Name: purchase_request_id_seq; Type: SEQUENCE; Schema: public; Owner: achat
--

ALTER TABLE public.purchase_request ALTER COLUMN id ADD GENERATED BY DEFAULT AS IDENTITY (
    SEQUENCE NAME public.purchase_request_id_seq
    START WITH 1
    INCREMENT BY 1
    NO MINVALUE
    NO MAXVALUE
    CACHE 1
);


--
-- Name: quality; Type: TABLE; Schema: public; Owner: achat
--

CREATE TABLE public.quality (
    id integer NOT NULL,
    nom character varying(20)
);


ALTER TABLE public.quality OWNER TO achat;

--
-- Name: quality_id_seq; Type: SEQUENCE; Schema: public; Owner: achat
--

ALTER TABLE public.quality ALTER COLUMN id ADD GENERATED BY DEFAULT AS IDENTITY (
    SEQUENCE NAME public.quality_id_seq
    START WITH 6
    INCREMENT BY 1
    NO MINVALUE
    NO MAXVALUE
    CACHE 1
);


--
-- Name: receipt; Type: TABLE; Schema: public; Owner: achat
--

CREATE TABLE public.receipt (
    id integer NOT NULL,
    purchase_orderid integer NOT NULL,
    dateins date DEFAULT CURRENT_TIMESTAMP NOT NULL,
    designation character varying(100)
);


ALTER TABLE public.receipt OWNER TO achat;

--
-- Name: receipt_details; Type: TABLE; Schema: public; Owner: achat
--

CREATE TABLE public.receipt_details (
    id integer NOT NULL,
    qtt integer NOT NULL,
    receiptid integer NOT NULL,
    order_detailsid integer NOT NULL
);


ALTER TABLE public.receipt_details OWNER TO achat;

--
-- Name: receipt_details_id_seq; Type: SEQUENCE; Schema: public; Owner: achat
--

ALTER TABLE public.receipt_details ALTER COLUMN id ADD GENERATED BY DEFAULT AS IDENTITY (
    SEQUENCE NAME public.receipt_details_id_seq
    START WITH 1
    INCREMENT BY 1
    NO MINVALUE
    NO MAXVALUE
    CACHE 1
);


--
-- Name: receipt_id_seq; Type: SEQUENCE; Schema: public; Owner: achat
--

ALTER TABLE public.receipt ALTER COLUMN id ADD GENERATED BY DEFAULT AS IDENTITY (
    SEQUENCE NAME public.receipt_id_seq
    START WITH 1
    INCREMENT BY 1
    NO MINVALUE
    NO MAXVALUE
    CACHE 1
);


--
-- Name: request_details; Type: TABLE; Schema: public; Owner: achat
--

CREATE TABLE public.request_details (
    id integer NOT NULL,
    designation character varying(255) NOT NULL,
    qtt integer NOT NULL,
    purchase_requestid integer NOT NULL,
    productid integer NOT NULL,
    qualityid integer,
    date_echeance date DEFAULT CURRENT_DATE NOT NULL,
    statut character varying(255)
);


ALTER TABLE public.request_details OWNER TO achat;

--
-- Name: request_details_id_seq; Type: SEQUENCE; Schema: public; Owner: achat
--

ALTER TABLE public.request_details ALTER COLUMN id ADD GENERATED BY DEFAULT AS IDENTITY (
    SEQUENCE NAME public.request_details_id_seq
    START WITH 1
    INCREMENT BY 1
    NO MINVALUE
    NO MAXVALUE
    CACHE 1
);


--
-- Name: request_group; Type: TABLE; Schema: public; Owner: achat
--

CREATE TABLE public.request_group (
    id integer NOT NULL,
    date date DEFAULT CURRENT_TIMESTAMP NOT NULL,
    status_id integer DEFAULT 1,
    designation character varying(100),
    companyid integer NOT NULL,
    date_echeance date DEFAULT CURRENT_DATE NOT NULL
);


ALTER TABLE public.request_group OWNER TO achat;

--
-- Name: request_group_details; Type: TABLE; Schema: public; Owner: achat
--

CREATE TABLE public.request_group_details (
    id integer NOT NULL,
    request_groupid integer NOT NULL,
    request_detailsid integer NOT NULL
);


ALTER TABLE public.request_group_details OWNER TO achat;

--
-- Name: request_group_details_id_seq; Type: SEQUENCE; Schema: public; Owner: achat
--

ALTER TABLE public.request_group_details ALTER COLUMN id ADD GENERATED BY DEFAULT AS IDENTITY (
    SEQUENCE NAME public.request_group_details_id_seq
    START WITH 1
    INCREMENT BY 1
    NO MINVALUE
    NO MAXVALUE
    CACHE 1
);


--
-- Name: request_group_id_seq; Type: SEQUENCE; Schema: public; Owner: achat
--

ALTER TABLE public.request_group ALTER COLUMN id ADD GENERATED BY DEFAULT AS IDENTITY (
    SEQUENCE NAME public.request_group_id_seq
    START WITH 1
    INCREMENT BY 1
    NO MINVALUE
    NO MAXVALUE
    CACHE 1
);


--
-- Name: state_order; Type: TABLE; Schema: public; Owner: achat
--

CREATE TABLE public.state_order (
    id integer NOT NULL,
    value character varying(50) NOT NULL
);


ALTER TABLE public.state_order OWNER TO achat;

--
-- Name: state_proforma; Type: TABLE; Schema: public; Owner: achat
--

CREATE TABLE public.state_proforma (
    id integer NOT NULL,
    value character varying(20) NOT NULL
);


ALTER TABLE public.state_proforma OWNER TO achat;

--
-- Name: state_request; Type: TABLE; Schema: public; Owner: achat
--

CREATE TABLE public.state_request (
    id integer NOT NULL,
    value character varying(255)
);


ALTER TABLE public.state_request OWNER TO achat;

--
-- Name: state_request_group; Type: TABLE; Schema: public; Owner: achat
--

CREATE TABLE public.state_request_group (
    id integer NOT NULL,
    description character varying(100)
);


ALTER TABLE public.state_request_group OWNER TO achat;

--
-- Name: state_request_group_id_seq; Type: SEQUENCE; Schema: public; Owner: achat
--

ALTER TABLE public.state_request_group ALTER COLUMN id ADD GENERATED BY DEFAULT AS IDENTITY (
    SEQUENCE NAME public.state_request_group_id_seq
    START WITH 1
    INCREMENT BY 1
    NO MINVALUE
    NO MAXVALUE
    CACHE 1
);


--
-- Name: state_request_id_seq; Type: SEQUENCE; Schema: public; Owner: achat
--

ALTER TABLE public.state_request ALTER COLUMN id ADD GENERATED BY DEFAULT AS IDENTITY (
    SEQUENCE NAME public.state_request_id_seq
    START WITH 1
    INCREMENT BY 1
    NO MINVALUE
    NO MAXVALUE
    CACHE 1
);


--
-- Name: stock_movement; Type: TABLE; Schema: public; Owner: achat
--

CREATE TABLE public.stock_movement (
    id integer NOT NULL,
    date_movement date DEFAULT CURRENT_DATE NOT NULL,
    type_movement integer NOT NULL,
    pu real NOT NULL,
    quantity integer DEFAULT 1 NOT NULL,
    order_details_id integer,
    product_vendor_id integer NOT NULL,
    formulaid integer DEFAULT 1 NOT NULL
);


ALTER TABLE public.stock_movement OWNER TO achat;

--
-- Name: stock_movement_id_seq; Type: SEQUENCE; Schema: public; Owner: achat
--

ALTER TABLE public.stock_movement ALTER COLUMN id ADD GENERATED BY DEFAULT AS IDENTITY (
    SEQUENCE NAME public.stock_movement_id_seq
    START WITH 1
    INCREMENT BY 1
    NO MINVALUE
    NO MAXVALUE
    CACHE 1
);


--
-- Name: type_movement; Type: TABLE; Schema: public; Owner: achat
--

CREATE TABLE public.type_movement (
    id integer NOT NULL,
    value character varying(20) NOT NULL
);


ALTER TABLE public.type_movement OWNER TO achat;

--
-- Name: unity; Type: TABLE; Schema: public; Owner: achat
--

CREATE TABLE public.unity (
    id integer NOT NULL,
    value character varying(100) NOT NULL
);


ALTER TABLE public.unity OWNER TO achat;

--
-- Name: unity_id_seq; Type: SEQUENCE; Schema: public; Owner: achat
--

ALTER TABLE public.unity ALTER COLUMN id ADD GENERATED BY DEFAULT AS IDENTITY (
    SEQUENCE NAME public.unity_id_seq
    START WITH 4
    INCREMENT BY 1
    NO MINVALUE
    NO MAXVALUE
    CACHE 1
);


--
-- Name: v_dispatch; Type: VIEW; Schema: public; Owner: achat
--

CREATE VIEW public.v_dispatch AS
 SELECT dispatch.departement_id,
    dispatch.request_detailsid,
    sum(dispatch.quantity) AS quantity,
    max(dispatch.date_dispatch) AS date_dispatch
   FROM public.dispatch
  GROUP BY dispatch.departement_id, dispatch.request_detailsid;


ALTER TABLE public.v_dispatch OWNER TO achat;

--
-- Name: v_receipt_demand; Type: VIEW; Schema: public; Owner: achat
--

CREATE VIEW public.v_receipt_demand AS
 SELECT r.id AS receiptid,
    pr.request_groupid
   FROM public.receipt r,
    public.purchase_order p,
    public.proforma pr
  WHERE ((r.purchase_orderid = p.id) AND (pr.id = p.proformaid));


ALTER TABLE public.v_receipt_demand OWNER TO achat;

--
-- Name: v_receipt_details; Type: VIEW; Schema: public; Owner: achat
--

CREATE VIEW public.v_receipt_details AS
 SELECT r.id,
    r.qtt,
    r.receiptid,
    r.order_detailsid,
    o.productid
   FROM public.receipt_details r,
    public.order_details o
  WHERE (r.order_detailsid = o.id);


ALTER TABLE public.v_receipt_details OWNER TO achat;

--
-- Name: v_request_details_reste; Type: VIEW; Schema: public; Owner: achat
--

CREATE VIEW public.v_request_details_reste AS
 SELECT r.id,
    r.designation,
    r.qtt,
    r.purchase_requestid,
    r.productid,
    r.qualityid,
    r.date_echeance,
    r.statut,
    r.departmentid,
    (r.qtt - COALESCE(d.quantity, (0)::bigint)) AS reste,
    d.date_dispatch
   FROM (( SELECT r_1.id,
            r_1.designation,
            r_1.qtt,
            r_1.purchase_requestid,
            r_1.productid,
            r_1.qualityid,
            r_1.date_echeance,
            r_1.statut,
            p.departmentid
           FROM public.request_details r_1,
            public.purchase_request p
          WHERE (r_1.purchase_requestid = p.id)) r
     LEFT JOIN public.v_dispatch d ON ((r.id = d.request_detailsid)));


ALTER TABLE public.v_request_details_reste OWNER TO achat;

--
-- Name: v_request_details_reste_share; Type: VIEW; Schema: public; Owner: achat
--

CREATE VIEW public.v_request_details_reste_share AS
 SELECT r.id,
    r.designation,
    r.qtt,
    r.purchase_requestid,
    r.productid,
    r.qualityid,
    r.date_echeance,
    r.statut,
    r.departmentid,
    r.reste,
    r.date_dispatch,
    COALESCE((r.qtt - r.reste), (0)::bigint) AS share
   FROM public.v_request_details_reste r;


ALTER TABLE public.v_request_details_reste_share OWNER TO achat;

--
-- Name: v_requested_product; Type: VIEW; Schema: public; Owner: achat
--

CREATE VIEW public.v_requested_product AS
SELECT
    NULL::integer AS id,
    NULL::integer AS vendorid,
    NULL::character varying(30) AS product_name,
    NULL::character varying(50) AS reference,
    NULL::character varying(100) AS unity,
    NULL::integer AS proforma_id,
    NULL::integer AS product_id,
    NULL::integer AS quality_id,
    NULL::character varying(20) AS quality_name,
    NULL::integer AS qtt;


ALTER TABLE public.v_requested_product OWNER TO achat;

--
-- Name: vendor; Type: TABLE; Schema: public; Owner: achat
--

CREATE TABLE public.vendor (
    id integer NOT NULL,
    name character varying(255),
    address character varying(255),
    email character varying(255) NOT NULL,
    phone character varying(20) NOT NULL,
    password character varying(50) NOT NULL
);


ALTER TABLE public.vendor OWNER TO achat;

--
-- Name: v_requested_vendor; Type: VIEW; Schema: public; Owner: achat
--

CREATE VIEW public.v_requested_vendor AS
 SELECT v.id,
    v.name,
    v.address,
    v.email,
    v.phone,
    v.password,
    p.id AS proforma_id,
    p.request_groupid
   FROM (public.proforma p
     JOIN public.vendor v ON ((p.vendorid = v.id)));


ALTER TABLE public.v_requested_vendor OWNER TO achat;

--
-- Name: vendor_products; Type: TABLE; Schema: public; Owner: achat
--

CREATE TABLE public.vendor_products (
    id integer NOT NULL,
    vendor_id integer,
    product_id integer
);


ALTER TABLE public.vendor_products OWNER TO achat;

--
-- Name: v_stock; Type: VIEW; Schema: public; Owner: achat
--

CREATE VIEW public.v_stock AS
 SELECT vendor_products.id,
    vendor_products.vendor_id,
    vendor_products.product_id
   FROM public.vendor_products;


ALTER TABLE public.v_stock OWNER TO achat;

--
-- Name: v_stock_movement; Type: VIEW; Schema: public; Owner: achat
--

CREATE VIEW public.v_stock_movement AS
 SELECT (row_number() OVER (ORDER BY s.id))::integer AS tempid,
    s.id AS movementid,
    s.product_vendor_id,
    v.product_id,
    ((s.quantity)::double precision * s.pu) AS montant,
    s.formulaid
   FROM public.stock_movement s,
    public.vendor_products v
  WHERE (s.product_vendor_id = v.id)
  ORDER BY s.date_movement;


ALTER TABLE public.v_stock_movement OWNER TO achat;

--
-- Name: v_vendor_product_dispo; Type: TABLE; Schema: public; Owner: achat
--

CREATE TABLE public.v_vendor_product_dispo (
    id integer NOT NULL,
    disponible integer,
    formula_valuestock integer,
    product_id integer,
    vendor_id integer
);


ALTER TABLE public.v_vendor_product_dispo OWNER TO achat;

--
-- Name: v_vendor_product_dispo_id_seq; Type: SEQUENCE; Schema: public; Owner: achat
--

ALTER TABLE public.v_vendor_product_dispo ALTER COLUMN id ADD GENERATED BY DEFAULT AS IDENTITY (
    SEQUENCE NAME public.v_vendor_product_dispo_id_seq
    START WITH 1
    INCREMENT BY 1
    NO MINVALUE
    NO MAXVALUE
    CACHE 1
);


--
-- Name: vendor_id_seq; Type: SEQUENCE; Schema: public; Owner: achat
--

ALTER TABLE public.vendor ALTER COLUMN id ADD GENERATED BY DEFAULT AS IDENTITY (
    SEQUENCE NAME public.vendor_id_seq
    START WITH 6
    INCREMENT BY 1
    NO MINVALUE
    NO MAXVALUE
    CACHE 1
);


--
-- Name: vendor_products_id_seq; Type: SEQUENCE; Schema: public; Owner: achat
--

ALTER TABLE public.vendor_products ALTER COLUMN id ADD GENERATED BY DEFAULT AS IDENTITY (
    SEQUENCE NAME public.vendor_products_id_seq
    START WITH 28
    INCREMENT BY 1
    NO MINVALUE
    NO MAXVALUE
    CACHE 1
);


--
-- Name: vrequest_details; Type: VIEW; Schema: public; Owner: achat
--

CREATE VIEW public.vrequest_details AS
 SELECT r.id,
    r.designation,
    r.qtt,
    r.purchase_requestid,
    r.productid,
    r.qualityid,
    r.date_echeance,
    r.statut
   FROM public.request_details r
  WHERE (NOT (r.id IN ( SELECT request_group_details.request_detailsid
           FROM public.request_group_details)));


ALTER TABLE public.vrequest_details OWNER TO achat;

--
-- Name: vrequest_detailsstatus; Type: VIEW; Schema: public; Owner: achat
--

CREATE VIEW public.vrequest_detailsstatus AS
 SELECT r.id,
    r.designation,
    r.qtt,
    r.purchase_requestid,
    r.productid,
    r.qualityid,
    r.date_echeance,
        CASE
            WHEN (r2.request_detailsid IS NULL) THEN 'non groupe'::text
            ELSE 'groupe'::text
        END AS statut
   FROM (public.request_details r
     LEFT JOIN public.request_group_details r2 ON ((r.id = r2.request_detailsid)));


ALTER TABLE public.vrequest_detailsstatus OWNER TO achat;

--
-- Name: vrequest_group; Type: VIEW; Schema: public; Owner: achat
--

CREATE VIEW public.vrequest_group AS
 SELECT rg.request_groupid,
    rd.productid,
    (sum(rd.qtt))::integer AS qtt,
    max(rd.qualityid) AS qualityid,
    (row_number() OVER (ORDER BY rg.request_groupid))::integer AS justid
   FROM (public.request_group_details rg
     LEFT JOIN public.request_details rd ON ((rg.request_detailsid = rd.id)))
  GROUP BY rg.request_groupid, rd.productid
  ORDER BY rd.productid, ((sum(rd.qtt))::integer);


ALTER TABLE public.vrequest_group OWNER TO achat;

--
-- Name: dispatch id; Type: DEFAULT; Schema: public; Owner: achat
--

ALTER TABLE ONLY public.dispatch ALTER COLUMN id SET DEFAULT nextval('public.dispatch_id_seq'::regclass);


--
-- Data for Name: category; Type: TABLE DATA; Schema: public; Owner: achat
--

COPY public.category (id, name) FROM stdin;
1	technology
2	fourniture
3	meuble
4	nourriture
\.


--
-- Data for Name: company; Type: TABLE DATA; Schema: public; Owner: achat
--

COPY public.company (id, name, address, email, phone, password) FROM stdin;
1	Patisserie Mamy	Lot III Andravohangy	mamy@gmail.com	034 25 648 52	mamy
2	Distributeur A	Lot II Ambodovona	diap@gmail.com	034 25 785 54	dia
3	Menuiser Sprite	Lot I Andraharo	sprite@gmail.com	034 25 785 59	sprite
4	Distributeur B	Lot IV Ankazomanga	bia@gmail.com	034 25 785 58	bia
\.


--
-- Data for Name: department; Type: TABLE DATA; Schema: public; Owner: achat
--

COPY public.department (id, name, companyid, password, email) FROM stdin;
1	RH	1	rh1	rh1@gmail.com
2	Production	1	production1	production1@gmail.com
3	Approvisionnement	1	appro1	appro@gmail.com
4	Finance	1	finance1	finance1@gmail.com
5	Finance	2	finance2	finance2@gmail.com
6	RH	2	rh2	rh2@gmail.com
7	Production	2	production2	production2@gmail.com
8	RH	3	rh3	rh3@gmail.com
9	Production	3	production3	production3@gmail.com
10	Marketting	3	marke3	marke3@gmail.com
11	RH	4	rh4	rh4@gmail.com
12	Production	4	production4	production4@gmail.com
13	Finance	4	finance4	finance4@gmail.com
\.


--
-- Data for Name: dispatch; Type: TABLE DATA; Schema: public; Owner: achat
--

COPY public.dispatch (id, receipt_detailsid, departement_id, request_detailsid, date_dispatch, quantity) FROM stdin;
17	1	1	1	2022-12-14	1
\.


--
-- Data for Name: formula_valuestock; Type: TABLE DATA; Schema: public; Owner: achat
--

COPY public.formula_valuestock (id, name) FROM stdin;
1	CMUP
2	FIFO
3	LIFO
\.


--
-- Data for Name: order_details; Type: TABLE DATA; Schema: public; Owner: achat
--

COPY public.order_details (id, qtt, purchase_orderid, proforma_detailsid, productid, pu, qualityid) FROM stdin;
1	10	1	1	1	450	4
2	10	2	2	1	450	4
\.


--
-- Data for Name: product; Type: TABLE DATA; Schema: public; Owner: achat
--

COPY public.product (id, value, categoryid, unityid, reference) FROM stdin;
1	cache bouche bleu	2	1	ref01
2	cache bouche noir	2	1	ref02
3	Gel desinfectant	2	1	ref03
4	Stylo bic	2	1	ref04
5	Doritos	4	1	ref05
6	Chaisse	3	1	ref06
7	Table	3	1	ref07
8	Porte	3	1	ref08
9	Souris razer	1	1	ref09
10	Tapis souris	1	1	ref10
\.


--
-- Data for Name: proforma; Type: TABLE DATA; Schema: public; Owner: achat
--

COPY public.proforma (id, request_groupid, vendorid, deadline, status, designation, companyid) FROM stdin;
1	1	1	2022-01-05	1	Proforma 1	1
2	1	2	2022-01-05	1	Proforma 2	1
3	1	3	2022-01-05	1	Proforma 3	1
4	1	4	2022-01-05	1	Proforma 4	1
\.


--
-- Data for Name: proforma_response; Type: TABLE DATA; Schema: public; Owner: achat
--

COPY public.proforma_response (id, proformaid, down_payment, date_response) FROM stdin;
1	1	0	2022-01-06
2	2	0	2022-01-06
\.


--
-- Data for Name: proforma_response_details; Type: TABLE DATA; Schema: public; Owner: achat
--

COPY public.proforma_response_details (id, qtt, pu, productid, proforma_responseid, proforma_request_id, qualityid, proformaid, quality) FROM stdin;
1	10	500	1	1	1	4	1	\N
2	10	500	1	2	1	4	1	\N
\.


--
-- Data for Name: proformat_request_details; Type: TABLE DATA; Schema: public; Owner: achat
--

COPY public.proformat_request_details (id, proforma_id, request_group_details_id, qualityid, quantity) FROM stdin;
1	1	1	4	10
2	2	1	5	5
\.


--
-- Data for Name: purchase_order; Type: TABLE DATA; Schema: public; Owner: achat
--

COPY public.purchase_order (id, dateins, proformaid, companyid, vendorid, status, echeance, designation) FROM stdin;
1	2022-01-05	1	1	1	1	2022-01-08	cache bouche
2	2022-01-05	1	2	1	1	2022-01-08	cache bouche
\.


--
-- Data for Name: purchase_request; Type: TABLE DATA; Schema: public; Owner: achat
--

COPY public.purchase_request (id, dateins, departmentid) FROM stdin;
1	2022-01-01	1
2	2022-01-10	2
3	2022-02-01	3
4	2022-01-01	5
5	2022-01-10	6
6	2022-02-01	7
7	2022-01-01	8
8	2022-01-10	9
9	2022-02-01	10
10	2022-01-01	11
11	2022-01-10	12
12	2022-02-01	13
13	2022-12-20	1
14	2022-12-20	1
\.


--
-- Data for Name: quality; Type: TABLE DATA; Schema: public; Owner: achat
--

COPY public.quality (id, nom) FROM stdin;
1	n'importe
2	basse
3	moyenne
4	bonne
5	excellente
\.


--
-- Data for Name: receipt; Type: TABLE DATA; Schema: public; Owner: achat
--

COPY public.receipt (id, purchase_orderid, dateins, designation) FROM stdin;
1	1	2022-01-09	cache bouche
2	2	2022-01-09	cache bouche
\.


--
-- Data for Name: receipt_details; Type: TABLE DATA; Schema: public; Owner: achat
--

COPY public.receipt_details (id, qtt, receiptid, order_detailsid) FROM stdin;
2	10	2	1
1	1	1	1
\.


--
-- Data for Name: request_details; Type: TABLE DATA; Schema: public; Owner: achat
--

COPY public.request_details (id, designation, qtt, purchase_requestid, productid, qualityid, date_echeance, statut) FROM stdin;
1	besoin de cache bouche bleu	5	1	1	4	2022-12-12	\N
2	besoin de cache bouche noir	5	2	2	4	2022-12-12	\N
3	besoin de gel desinfectant	5	3	3	1	2022-12-12	\N
4	besoin de chaisse	10	4	6	5	2022-12-12	\N
5	besoin de table	2	5	7	4	2022-12-12	\N
6	besoin de porte	5	6	8	4	2022-12-12	\N
7	besoin de souris	5	7	9	5	2022-12-12	\N
8	besoin de tapis souris	5	8	10	5	2022-12-12	\N
9	Approvisionnement en Doritos	10	9	5	1	2022-12-12	\N
10	besoin de porte	5	10	8	4	2022-12-12	\N
11	besoin de souris	5	11	9	2	2022-12-12	\N
12	besoin de tapis souris	5	12	10	1	2022-12-12	\N
\.


--
-- Data for Name: request_group; Type: TABLE DATA; Schema: public; Owner: achat
--

COPY public.request_group (id, date, status_id, designation, companyid, date_echeance) FROM stdin;
1	2022-01-03	5	cache bouche	1	2022-12-12
2	2022-12-20	\N	Demande	1	2022-12-12
\.


--
-- Data for Name: request_group_details; Type: TABLE DATA; Schema: public; Owner: achat
--

COPY public.request_group_details (id, request_groupid, request_detailsid) FROM stdin;
1	1	1
2	2	2
3	2	3
\.


--
-- Data for Name: state_order; Type: TABLE DATA; Schema: public; Owner: achat
--

COPY public.state_order (id, value) FROM stdin;
1	commande
2	livraison
3	recu
\.


--
-- Data for Name: state_proforma; Type: TABLE DATA; Schema: public; Owner: achat
--

COPY public.state_proforma (id, value) FROM stdin;
1	demande
2	repondu
3	refuse
\.


--
-- Data for Name: state_request; Type: TABLE DATA; Schema: public; Owner: achat
--

COPY public.state_request (id, value) FROM stdin;
\.


--
-- Data for Name: state_request_group; Type: TABLE DATA; Schema: public; Owner: achat
--

COPY public.state_request_group (id, description) FROM stdin;
1	non traite
2	demande_proformat
3	saisi proformat
4	cloture_proformat
5	commande
6	livraison
7	reception
\.


--
-- Data for Name: stock_movement; Type: TABLE DATA; Schema: public; Owner: achat
--

COPY public.stock_movement (id, date_movement, type_movement, pu, quantity, order_details_id, product_vendor_id, formulaid) FROM stdin;
1	2022-01-01	1	450	1000	\N	1	1
2	2022-01-01	1	450	1000	\N	2	1
3	2022-01-01	1	450	1000	\N	3	1
4	2022-01-01	1	450	1000	\N	4	1
5	2022-01-01	1	450	1000	\N	5	1
6	2022-01-01	1	450	1000	\N	6	1
7	2022-01-01	1	450	1000	\N	7	1
8	2022-01-01	1	450	1000	\N	8	1
9	2022-01-01	1	450	1000	\N	9	1
10	2022-01-01	1	450	1000	\N	10	1
11	2022-01-01	1	450	1000	\N	11	1
12	2022-01-01	1	450	1000	\N	12	1
13	2022-01-01	1	450	1000	\N	13	1
14	2022-01-01	1	450	1000	\N	14	1
15	2022-01-01	1	450	1000	\N	15	1
16	2022-01-01	1	450	1000	\N	16	1
17	2022-01-01	1	450	1000	\N	17	1
18	2022-01-01	1	450	1000	\N	18	1
19	2022-01-01	1	450	1000	\N	19	1
20	2022-01-01	1	450	1000	\N	20	1
21	2022-01-01	1	450	1000	\N	21	1
22	2022-01-01	1	450	1000	\N	22	1
23	2022-01-01	1	450	1000	\N	23	1
24	2022-01-01	1	450	1000	\N	25	1
25	2022-01-01	1	450	1000	\N	26	1
26	2022-01-01	1	450	1000	\N	27	1
27	2022-01-09	1	450	10	1	1	2
28	2022-01-09	1	450	10	2	6	3
\.


--
-- Data for Name: type_movement; Type: TABLE DATA; Schema: public; Owner: achat
--

COPY public.type_movement (id, value) FROM stdin;
1	stock initial
2	entree
3	sortie
\.


--
-- Data for Name: unity; Type: TABLE DATA; Schema: public; Owner: achat
--

COPY public.unity (id, value) FROM stdin;
1	piece
2	kg
3	m
\.


--
-- Data for Name: v_vendor_product_dispo; Type: TABLE DATA; Schema: public; Owner: achat
--

COPY public.v_vendor_product_dispo (id, disponible, formula_valuestock, product_id, vendor_id) FROM stdin;
\.


--
-- Data for Name: vendor; Type: TABLE DATA; Schema: public; Owner: achat
--

COPY public.vendor (id, name, address, email, phone, password) FROM stdin;
1	Score	Score Ampandrana	score@gmail.com	034 25 648 52	score
2	Shoprite	Shoprite Ambodovona	shop@gmail.com	034 25 785 55	shoprite
3	Bricoland	Bricoland Andraharo	brico@gmail.com	034 25 785 51	brico
4	Sodim	Sodim Ankazomanga	sodim@gmail.com	034 25 785 53	sodim
5	Gifi	Gifi Analakely	gifip@gmail.com	034 25 785 54	gifi
\.


--
-- Data for Name: vendor_products; Type: TABLE DATA; Schema: public; Owner: achat
--

COPY public.vendor_products (id, vendor_id, product_id) FROM stdin;
1	1	1
2	1	2
3	1	3
4	1	4
5	1	5
6	2	1
7	2	2
8	2	3
9	2	4
10	2	5
11	3	6
12	3	7
13	3	8
14	3	9
15	3	10
16	4	6
17	4	7
18	4	8
19	4	9
20	4	10
21	5	6
22	5	7
23	5	8
24	5	9
25	5	10
26	3	1
27	4	1
\.


--
-- Name: category_id_seq; Type: SEQUENCE SET; Schema: public; Owner: achat
--

SELECT pg_catalog.setval('public.category_id_seq', 1, false);


--
-- Name: company_id_seq; Type: SEQUENCE SET; Schema: public; Owner: achat
--

SELECT pg_catalog.setval('public.company_id_seq', 1, false);


--
-- Name: department_id_seq; Type: SEQUENCE SET; Schema: public; Owner: achat
--

SELECT pg_catalog.setval('public.department_id_seq', 1, false);


--
-- Name: dispatch_id_seq; Type: SEQUENCE SET; Schema: public; Owner: achat
--

SELECT pg_catalog.setval('public.dispatch_id_seq', 17, true);


--
-- Name: hibernate_sequence; Type: SEQUENCE SET; Schema: public; Owner: achat
--

SELECT pg_catalog.setval('public.hibernate_sequence', 1, false);


--
-- Name: order_details_id_seq; Type: SEQUENCE SET; Schema: public; Owner: achat
--

SELECT pg_catalog.setval('public.order_details_id_seq', 7, true);


--
-- Name: product_id_seq; Type: SEQUENCE SET; Schema: public; Owner: achat
--

SELECT pg_catalog.setval('public.product_id_seq', 1, false);


--
-- Name: proforma_details_id_seq; Type: SEQUENCE SET; Schema: public; Owner: achat
--

SELECT pg_catalog.setval('public.proforma_details_id_seq', 1, false);


--
-- Name: proforma_id_seq; Type: SEQUENCE SET; Schema: public; Owner: achat
--

SELECT pg_catalog.setval('public.proforma_id_seq', 4, true);


--
-- Name: proforma_response_details_id_seq; Type: SEQUENCE SET; Schema: public; Owner: achat
--

SELECT pg_catalog.setval('public.proforma_response_details_id_seq', 2, true);


--
-- Name: proforma_response_id_seq; Type: SEQUENCE SET; Schema: public; Owner: achat
--

SELECT pg_catalog.setval('public.proforma_response_id_seq', 2, true);


--
-- Name: proformat_request_details_id_seq; Type: SEQUENCE SET; Schema: public; Owner: achat
--

SELECT pg_catalog.setval('public.proformat_request_details_id_seq', 2, true);


--
-- Name: purchase_order_id_seq; Type: SEQUENCE SET; Schema: public; Owner: achat
--

SELECT pg_catalog.setval('public.purchase_order_id_seq', 7, true);


--
-- Name: purchase_request_id_seq; Type: SEQUENCE SET; Schema: public; Owner: achat
--

SELECT pg_catalog.setval('public.purchase_request_id_seq', 14, true);


--
-- Name: quality_id_seq; Type: SEQUENCE SET; Schema: public; Owner: achat
--

SELECT pg_catalog.setval('public.quality_id_seq', 1, false);


--
-- Name: receipt_details_id_seq; Type: SEQUENCE SET; Schema: public; Owner: achat
--

SELECT pg_catalog.setval('public.receipt_details_id_seq', 2, true);


--
-- Name: receipt_id_seq; Type: SEQUENCE SET; Schema: public; Owner: achat
--

SELECT pg_catalog.setval('public.receipt_id_seq', 2, true);


--
-- Name: request_details_id_seq; Type: SEQUENCE SET; Schema: public; Owner: achat
--

SELECT pg_catalog.setval('public.request_details_id_seq', 12, true);


--
-- Name: request_group_details_id_seq; Type: SEQUENCE SET; Schema: public; Owner: achat
--

SELECT pg_catalog.setval('public.request_group_details_id_seq', 3, true);


--
-- Name: request_group_id_seq; Type: SEQUENCE SET; Schema: public; Owner: achat
--

SELECT pg_catalog.setval('public.request_group_id_seq', 2, true);


--
-- Name: state_request_group_id_seq; Type: SEQUENCE SET; Schema: public; Owner: achat
--

SELECT pg_catalog.setval('public.state_request_group_id_seq', 1, false);


--
-- Name: state_request_id_seq; Type: SEQUENCE SET; Schema: public; Owner: achat
--

SELECT pg_catalog.setval('public.state_request_id_seq', 1, false);


--
-- Name: stock_movement_id_seq; Type: SEQUENCE SET; Schema: public; Owner: achat
--

SELECT pg_catalog.setval('public.stock_movement_id_seq', 28, true);


--
-- Name: unity_id_seq; Type: SEQUENCE SET; Schema: public; Owner: achat
--

SELECT pg_catalog.setval('public.unity_id_seq', 1, false);


--
-- Name: v_vendor_product_dispo_id_seq; Type: SEQUENCE SET; Schema: public; Owner: achat
--

SELECT pg_catalog.setval('public.v_vendor_product_dispo_id_seq', 1, false);


--
-- Name: vendor_id_seq; Type: SEQUENCE SET; Schema: public; Owner: achat
--

SELECT pg_catalog.setval('public.vendor_id_seq', 1, false);


--
-- Name: vendor_products_id_seq; Type: SEQUENCE SET; Schema: public; Owner: achat
--

SELECT pg_catalog.setval('public.vendor_products_id_seq', 1, false);


--
-- Name: category category_pkey; Type: CONSTRAINT; Schema: public; Owner: achat
--

ALTER TABLE ONLY public.category
    ADD CONSTRAINT category_pkey PRIMARY KEY (id);


--
-- Name: department department_pkey; Type: CONSTRAINT; Schema: public; Owner: achat
--

ALTER TABLE ONLY public.department
    ADD CONSTRAINT department_pkey PRIMARY KEY (id);


--
-- Name: order_details order_details_pkey; Type: CONSTRAINT; Schema: public; Owner: achat
--

ALTER TABLE ONLY public.order_details
    ADD CONSTRAINT order_details_pkey PRIMARY KEY (id);


--
-- Name: dispatch pk_detail_id; Type: CONSTRAINT; Schema: public; Owner: achat
--

ALTER TABLE ONLY public.dispatch
    ADD CONSTRAINT pk_detail_id PRIMARY KEY (id);


--
-- Name: formula_valuestock pk_formula_valuestock_id; Type: CONSTRAINT; Schema: public; Owner: achat
--

ALTER TABLE ONLY public.formula_valuestock
    ADD CONSTRAINT pk_formula_valuestock_id PRIMARY KEY (id);


--
-- Name: proforma_response pk_proforma_response_id; Type: CONSTRAINT; Schema: public; Owner: achat
--

ALTER TABLE ONLY public.proforma_response
    ADD CONSTRAINT pk_proforma_response_id PRIMARY KEY (id);


--
-- Name: proformat_request_details pk_proformat_request_details; Type: CONSTRAINT; Schema: public; Owner: achat
--

ALTER TABLE ONLY public.proformat_request_details
    ADD CONSTRAINT pk_proformat_request_details PRIMARY KEY (id);


--
-- Name: state_order pk_state_order_id; Type: CONSTRAINT; Schema: public; Owner: achat
--

ALTER TABLE ONLY public.state_order
    ADD CONSTRAINT pk_state_order_id PRIMARY KEY (id);


--
-- Name: state_proforma pk_state_proforma_id; Type: CONSTRAINT; Schema: public; Owner: achat
--

ALTER TABLE ONLY public.state_proforma
    ADD CONSTRAINT pk_state_proforma_id PRIMARY KEY (id);


--
-- Name: state_request_group pk_state_request_group_id; Type: CONSTRAINT; Schema: public; Owner: achat
--

ALTER TABLE ONLY public.state_request_group
    ADD CONSTRAINT pk_state_request_group_id PRIMARY KEY (id);


--
-- Name: stock_movement pk_stock_movement_id; Type: CONSTRAINT; Schema: public; Owner: achat
--

ALTER TABLE ONLY public.stock_movement
    ADD CONSTRAINT pk_stock_movement_id PRIMARY KEY (id);


--
-- Name: company pk_table_id; Type: CONSTRAINT; Schema: public; Owner: achat
--

ALTER TABLE ONLY public.company
    ADD CONSTRAINT pk_table_id PRIMARY KEY (id);


--
-- Name: type_movement pk_type_movement_id; Type: CONSTRAINT; Schema: public; Owner: achat
--

ALTER TABLE ONLY public.type_movement
    ADD CONSTRAINT pk_type_movement_id PRIMARY KEY (id);


--
-- Name: vendor_products pk_vendor_products; Type: CONSTRAINT; Schema: public; Owner: achat
--

ALTER TABLE ONLY public.vendor_products
    ADD CONSTRAINT pk_vendor_products PRIMARY KEY (id);


--
-- Name: product product_pkey; Type: CONSTRAINT; Schema: public; Owner: achat
--

ALTER TABLE ONLY public.product
    ADD CONSTRAINT product_pkey PRIMARY KEY (id);


--
-- Name: proforma_response_details proforma_details_pkey; Type: CONSTRAINT; Schema: public; Owner: achat
--

ALTER TABLE ONLY public.proforma_response_details
    ADD CONSTRAINT proforma_details_pkey PRIMARY KEY (id);


--
-- Name: proforma proforma_pkey; Type: CONSTRAINT; Schema: public; Owner: achat
--

ALTER TABLE ONLY public.proforma
    ADD CONSTRAINT proforma_pkey PRIMARY KEY (id);


--
-- Name: purchase_order purchase_order_pkey; Type: CONSTRAINT; Schema: public; Owner: achat
--

ALTER TABLE ONLY public.purchase_order
    ADD CONSTRAINT purchase_order_pkey PRIMARY KEY (id);


--
-- Name: purchase_request purchase_request_pkey; Type: CONSTRAINT; Schema: public; Owner: achat
--

ALTER TABLE ONLY public.purchase_request
    ADD CONSTRAINT purchase_request_pkey PRIMARY KEY (id);


--
-- Name: quality quality_pkey; Type: CONSTRAINT; Schema: public; Owner: achat
--

ALTER TABLE ONLY public.quality
    ADD CONSTRAINT quality_pkey PRIMARY KEY (id);


--
-- Name: receipt_details receipt_details_pkey; Type: CONSTRAINT; Schema: public; Owner: achat
--

ALTER TABLE ONLY public.receipt_details
    ADD CONSTRAINT receipt_details_pkey PRIMARY KEY (id);


--
-- Name: receipt receipt_pkey; Type: CONSTRAINT; Schema: public; Owner: achat
--

ALTER TABLE ONLY public.receipt
    ADD CONSTRAINT receipt_pkey PRIMARY KEY (id);


--
-- Name: request_details request_details_pkey; Type: CONSTRAINT; Schema: public; Owner: achat
--

ALTER TABLE ONLY public.request_details
    ADD CONSTRAINT request_details_pkey PRIMARY KEY (id);


--
-- Name: request_group_details request_group_details_pkey; Type: CONSTRAINT; Schema: public; Owner: achat
--

ALTER TABLE ONLY public.request_group_details
    ADD CONSTRAINT request_group_details_pkey PRIMARY KEY (id);


--
-- Name: request_group request_group_pkey; Type: CONSTRAINT; Schema: public; Owner: achat
--

ALTER TABLE ONLY public.request_group
    ADD CONSTRAINT request_group_pkey PRIMARY KEY (id);


--
-- Name: state_request state_request_pkey; Type: CONSTRAINT; Schema: public; Owner: achat
--

ALTER TABLE ONLY public.state_request
    ADD CONSTRAINT state_request_pkey PRIMARY KEY (id);


--
-- Name: unity unity_pkey; Type: CONSTRAINT; Schema: public; Owner: achat
--

ALTER TABLE ONLY public.unity
    ADD CONSTRAINT unity_pkey PRIMARY KEY (id);


--
-- Name: v_vendor_product_dispo v_vendor_product_dispo_pkey; Type: CONSTRAINT; Schema: public; Owner: achat
--

ALTER TABLE ONLY public.v_vendor_product_dispo
    ADD CONSTRAINT v_vendor_product_dispo_pkey PRIMARY KEY (id);


--
-- Name: vendor vendor_pkey; Type: CONSTRAINT; Schema: public; Owner: achat
--

ALTER TABLE ONLY public.vendor
    ADD CONSTRAINT vendor_pkey PRIMARY KEY (id);


--
-- Name: v_requested_product _RETURN; Type: RULE; Schema: public; Owner: achat
--

CREATE OR REPLACE VIEW public.v_requested_product AS
 SELECT (row_number() OVER (ORDER BY p.vendorid))::integer AS id,
    p.vendorid,
    pr.value AS product_name,
    pr.reference,
    u.value AS unity,
    prd.proforma_id,
    pr.id AS product_id,
    q.id AS quality_id,
    q.nom AS quality_name,
    (sum(rd.qtt))::integer AS qtt
   FROM ((((((public.proformat_request_details prd
     JOIN public.proforma p ON ((p.id = prd.proforma_id)))
     JOIN public.request_group_details rgd ON ((rgd.id = prd.request_group_details_id)))
     JOIN public.request_details rd ON ((rd.id = rgd.request_detailsid)))
     JOIN public.quality q ON ((q.id = rd.qualityid)))
     JOIN public.product pr ON ((pr.id = rd.productid)))
     JOIN public.unity u ON ((u.id = pr.unityid)))
  GROUP BY q.id, pr.value, pr.reference, u.value, p.vendorid, prd.proforma_id, pr.id;


--
-- Name: department fk_department_company; Type: FK CONSTRAINT; Schema: public; Owner: achat
--

ALTER TABLE ONLY public.department
    ADD CONSTRAINT fk_department_company FOREIGN KEY (companyid) REFERENCES public.company(id);


--
-- Name: dispatch fk_dispatch_department; Type: FK CONSTRAINT; Schema: public; Owner: achat
--

ALTER TABLE ONLY public.dispatch
    ADD CONSTRAINT fk_dispatch_department FOREIGN KEY (departement_id) REFERENCES public.department(id);


--
-- Name: dispatch fk_dispatch_receipt_details; Type: FK CONSTRAINT; Schema: public; Owner: achat
--

ALTER TABLE ONLY public.dispatch
    ADD CONSTRAINT fk_dispatch_receipt_details FOREIGN KEY (receipt_detailsid) REFERENCES public.receipt_details(id);


--
-- Name: dispatch fk_dispatch_request_details; Type: FK CONSTRAINT; Schema: public; Owner: achat
--

ALTER TABLE ONLY public.dispatch
    ADD CONSTRAINT fk_dispatch_request_details FOREIGN KEY (request_detailsid) REFERENCES public.request_details(id);


--
-- Name: order_details fk_order_details_product; Type: FK CONSTRAINT; Schema: public; Owner: achat
--

ALTER TABLE ONLY public.order_details
    ADD CONSTRAINT fk_order_details_product FOREIGN KEY (productid) REFERENCES public.product(id);


--
-- Name: order_details fk_order_details_quality; Type: FK CONSTRAINT; Schema: public; Owner: achat
--

ALTER TABLE ONLY public.order_details
    ADD CONSTRAINT fk_order_details_quality FOREIGN KEY (qualityid) REFERENCES public.quality(id);


--
-- Name: proforma fk_proforma_company; Type: FK CONSTRAINT; Schema: public; Owner: achat
--

ALTER TABLE ONLY public.proforma
    ADD CONSTRAINT fk_proforma_company FOREIGN KEY (companyid) REFERENCES public.company(id);


--
-- Name: proforma_response_details fk_proforma_response_details; Type: FK CONSTRAINT; Schema: public; Owner: achat
--

ALTER TABLE ONLY public.proforma_response_details
    ADD CONSTRAINT fk_proforma_response_details FOREIGN KEY (proforma_responseid) REFERENCES public.proforma_response(id);


--
-- Name: proforma_response_details fk_proforma_response_details1; Type: FK CONSTRAINT; Schema: public; Owner: achat
--

ALTER TABLE ONLY public.proforma_response_details
    ADD CONSTRAINT fk_proforma_response_details1 FOREIGN KEY (qualityid) REFERENCES public.quality(id);


--
-- Name: proforma_response_details fk_proforma_response_details_proformat_request_details; Type: FK CONSTRAINT; Schema: public; Owner: achat
--

ALTER TABLE ONLY public.proforma_response_details
    ADD CONSTRAINT fk_proforma_response_details_proformat_request_details FOREIGN KEY (proforma_request_id) REFERENCES public.proformat_request_details(id);


--
-- Name: proforma_response fk_proforma_response_proforma; Type: FK CONSTRAINT; Schema: public; Owner: achat
--

ALTER TABLE ONLY public.proforma_response
    ADD CONSTRAINT fk_proforma_response_proforma FOREIGN KEY (proformaid) REFERENCES public.proforma(id);


--
-- Name: proforma fk_proforma_state_proforma; Type: FK CONSTRAINT; Schema: public; Owner: achat
--

ALTER TABLE ONLY public.proforma
    ADD CONSTRAINT fk_proforma_state_proforma FOREIGN KEY (status) REFERENCES public.state_proforma(id);


--
-- Name: proformat_request_details fk_proformat_request_details; Type: FK CONSTRAINT; Schema: public; Owner: achat
--

ALTER TABLE ONLY public.proformat_request_details
    ADD CONSTRAINT fk_proformat_request_details FOREIGN KEY (qualityid) REFERENCES public.quality(id);


--
-- Name: proformat_request_details fk_proformat_request_details_proforma; Type: FK CONSTRAINT; Schema: public; Owner: achat
--

ALTER TABLE ONLY public.proformat_request_details
    ADD CONSTRAINT fk_proformat_request_details_proforma FOREIGN KEY (proforma_id) REFERENCES public.proforma(id);


--
-- Name: proformat_request_details fk_proformat_request_details_request_group_details; Type: FK CONSTRAINT; Schema: public; Owner: achat
--

ALTER TABLE ONLY public.proformat_request_details
    ADD CONSTRAINT fk_proformat_request_details_request_group_details FOREIGN KEY (request_group_details_id) REFERENCES public.request_group_details(id);


--
-- Name: purchase_order fk_purchase_order_company; Type: FK CONSTRAINT; Schema: public; Owner: achat
--

ALTER TABLE ONLY public.purchase_order
    ADD CONSTRAINT fk_purchase_order_company FOREIGN KEY (companyid) REFERENCES public.company(id);


--
-- Name: purchase_order fk_purchase_order_state_order; Type: FK CONSTRAINT; Schema: public; Owner: achat
--

ALTER TABLE ONLY public.purchase_order
    ADD CONSTRAINT fk_purchase_order_state_order FOREIGN KEY (status) REFERENCES public.state_order(id);


--
-- Name: purchase_order fk_purchase_order_vendor; Type: FK CONSTRAINT; Schema: public; Owner: achat
--

ALTER TABLE ONLY public.purchase_order
    ADD CONSTRAINT fk_purchase_order_vendor FOREIGN KEY (vendorid) REFERENCES public.vendor(id);


--
-- Name: request_group fk_request_group_company; Type: FK CONSTRAINT; Schema: public; Owner: achat
--

ALTER TABLE ONLY public.request_group
    ADD CONSTRAINT fk_request_group_company FOREIGN KEY (companyid) REFERENCES public.company(id);


--
-- Name: request_group fk_request_group_state_request_group; Type: FK CONSTRAINT; Schema: public; Owner: achat
--

ALTER TABLE ONLY public.request_group
    ADD CONSTRAINT fk_request_group_state_request_group FOREIGN KEY (status_id) REFERENCES public.state_request_group(id);


--
-- Name: stock_movement fk_stock_movement; Type: FK CONSTRAINT; Schema: public; Owner: achat
--

ALTER TABLE ONLY public.stock_movement
    ADD CONSTRAINT fk_stock_movement FOREIGN KEY (type_movement) REFERENCES public.type_movement(id);


--
-- Name: stock_movement fk_stock_movement1; Type: FK CONSTRAINT; Schema: public; Owner: achat
--

ALTER TABLE ONLY public.stock_movement
    ADD CONSTRAINT fk_stock_movement1 FOREIGN KEY (order_details_id) REFERENCES public.order_details(id);


--
-- Name: stock_movement fk_stock_movement2; Type: FK CONSTRAINT; Schema: public; Owner: achat
--

ALTER TABLE ONLY public.stock_movement
    ADD CONSTRAINT fk_stock_movement2 FOREIGN KEY (product_vendor_id) REFERENCES public.vendor_products(id);


--
-- Name: stock_movement fk_stock_movement3; Type: FK CONSTRAINT; Schema: public; Owner: achat
--

ALTER TABLE ONLY public.stock_movement
    ADD CONSTRAINT fk_stock_movement3 FOREIGN KEY (formulaid) REFERENCES public.formula_valuestock(id);


--
-- Name: vendor_products fk_vendor_products_product; Type: FK CONSTRAINT; Schema: public; Owner: achat
--

ALTER TABLE ONLY public.vendor_products
    ADD CONSTRAINT fk_vendor_products_product FOREIGN KEY (product_id) REFERENCES public.product(id);


--
-- Name: vendor_products fk_vendor_products_vendor; Type: FK CONSTRAINT; Schema: public; Owner: achat
--

ALTER TABLE ONLY public.vendor_products
    ADD CONSTRAINT fk_vendor_products_vendor FOREIGN KEY (vendor_id) REFERENCES public.vendor(id);


--
-- Name: proforma_response_details fkfmbq661i171wb5autat135y89; Type: FK CONSTRAINT; Schema: public; Owner: achat
--

ALTER TABLE ONLY public.proforma_response_details
    ADD CONSTRAINT fkfmbq661i171wb5autat135y89 FOREIGN KEY (proformaid) REFERENCES public.proforma(id);


--
-- Name: order_details fkorder_deta416846; Type: FK CONSTRAINT; Schema: public; Owner: achat
--

ALTER TABLE ONLY public.order_details
    ADD CONSTRAINT fkorder_deta416846 FOREIGN KEY (purchase_orderid) REFERENCES public.purchase_order(id);


--
-- Name: order_details fkorder_deta652568; Type: FK CONSTRAINT; Schema: public; Owner: achat
--

ALTER TABLE ONLY public.order_details
    ADD CONSTRAINT fkorder_deta652568 FOREIGN KEY (proforma_detailsid) REFERENCES public.proforma_response_details(id);


--
-- Name: product fkproduct537621; Type: FK CONSTRAINT; Schema: public; Owner: achat
--

ALTER TABLE ONLY public.product
    ADD CONSTRAINT fkproduct537621 FOREIGN KEY (unityid) REFERENCES public.unity(id);


--
-- Name: product fkproduct573550; Type: FK CONSTRAINT; Schema: public; Owner: achat
--

ALTER TABLE ONLY public.product
    ADD CONSTRAINT fkproduct573550 FOREIGN KEY (categoryid) REFERENCES public.category(id);


--
-- Name: proforma fkproforma575997; Type: FK CONSTRAINT; Schema: public; Owner: achat
--

ALTER TABLE ONLY public.proforma
    ADD CONSTRAINT fkproforma575997 FOREIGN KEY (vendorid) REFERENCES public.vendor(id);


--
-- Name: proforma fkproforma983729; Type: FK CONSTRAINT; Schema: public; Owner: achat
--

ALTER TABLE ONLY public.proforma
    ADD CONSTRAINT fkproforma983729 FOREIGN KEY (request_groupid) REFERENCES public.request_group(id);


--
-- Name: proforma_response_details fkproforma_d568061; Type: FK CONSTRAINT; Schema: public; Owner: achat
--

ALTER TABLE ONLY public.proforma_response_details
    ADD CONSTRAINT fkproforma_d568061 FOREIGN KEY (productid) REFERENCES public.product(id);


--
-- Name: purchase_order fkpurchase_o489262; Type: FK CONSTRAINT; Schema: public; Owner: achat
--

ALTER TABLE ONLY public.purchase_order
    ADD CONSTRAINT fkpurchase_o489262 FOREIGN KEY (proformaid) REFERENCES public.proforma(id);


--
-- Name: purchase_request fkpurchase_r895478; Type: FK CONSTRAINT; Schema: public; Owner: achat
--

ALTER TABLE ONLY public.purchase_request
    ADD CONSTRAINT fkpurchase_r895478 FOREIGN KEY (departmentid) REFERENCES public.department(id);


--
-- Name: receipt fkreceipt78542; Type: FK CONSTRAINT; Schema: public; Owner: achat
--

ALTER TABLE ONLY public.receipt
    ADD CONSTRAINT fkreceipt78542 FOREIGN KEY (purchase_orderid) REFERENCES public.purchase_order(id);


--
-- Name: receipt_details fkreceipt_de350565; Type: FK CONSTRAINT; Schema: public; Owner: achat
--

ALTER TABLE ONLY public.receipt_details
    ADD CONSTRAINT fkreceipt_de350565 FOREIGN KEY (order_detailsid) REFERENCES public.order_details(id);


--
-- Name: receipt_details fkreceipt_de973203; Type: FK CONSTRAINT; Schema: public; Owner: achat
--

ALTER TABLE ONLY public.receipt_details
    ADD CONSTRAINT fkreceipt_de973203 FOREIGN KEY (receiptid) REFERENCES public.receipt(id);


--
-- Name: request_details fkrequest_de417637; Type: FK CONSTRAINT; Schema: public; Owner: achat
--

ALTER TABLE ONLY public.request_details
    ADD CONSTRAINT fkrequest_de417637 FOREIGN KEY (purchase_requestid) REFERENCES public.purchase_request(id);


--
-- Name: request_details fkrequest_de57334; Type: FK CONSTRAINT; Schema: public; Owner: achat
--

ALTER TABLE ONLY public.request_details
    ADD CONSTRAINT fkrequest_de57334 FOREIGN KEY (productid) REFERENCES public.product(id);


--
-- Name: request_group_details fkrequest_gr608702; Type: FK CONSTRAINT; Schema: public; Owner: achat
--

ALTER TABLE ONLY public.request_group_details
    ADD CONSTRAINT fkrequest_gr608702 FOREIGN KEY (request_groupid) REFERENCES public.request_group(id);


--
-- Name: request_group_details fkrequest_gr634069; Type: FK CONSTRAINT; Schema: public; Owner: achat
--

ALTER TABLE ONLY public.request_group_details
    ADD CONSTRAINT fkrequest_gr634069 FOREIGN KEY (request_detailsid) REFERENCES public.request_details(id);


--
-- Name: request_details request_details_qualityid_fkey; Type: FK CONSTRAINT; Schema: public; Owner: achat
--

ALTER TABLE ONLY public.request_details
    ADD CONSTRAINT request_details_qualityid_fkey FOREIGN KEY (qualityid) REFERENCES public.quality(id);


--
-- PostgreSQL database dump complete
--

